[
    {
        "model": "collection.collectiontypetemplate",
        "pk": "aL8Dj5Z",
        "fields": {
            "name": "Your Collection",
            "is_custom": true,
            "order": 0,
            "visual": "tab"
        }
    },
    {
        "model": "collection.collectiontypetemplate",
        "pk": "4R8WD7G",
        "fields": {
            "name": "Inspiration",
            "is_custom": false,
            "order": 1,
            "visual": "tab"
        }
    },
    {
        "model": "collection.collectiontypetemplate",
        "pk": "b18Z1dj",
        "fields": {
            "name": "Aspiration",
            "is_custom": false,
            "order": 2,
            "visual": "tab"
        }
    },
    {
        "model": "collection.collectiontypetemplate",
        "pk": "Xo7r180",
        "fields": {
            "name": "Environment",
            "is_custom": false,
            "order": 3,
            "visual": "tab"
        }
    },
    {
        "model": "collection.collectiontypetemplate",
        "pk": "4J5vM71",
        "fields": {
            "name": "Related Experiences",
            "is_custom": false,
            "order": 4,
            "visual": "tab"
        }
    },
    {
        "model": "collection.collectiontypetemplate",
        "pk": "EWdnJd6",
        "fields": {
            "name": "Impact",
            "is_custom": false,
            "order": 5,
            "visual": "tab"
        }
    },
    {
        "model": "collection.collectiontypetemplate",
        "pk": "NR8Vo7W",
        "fields": {
            "name": "Prominent Characteristics",
            "is_custom": false,
            "order": 6,
            "visual": "cluster"
        }
    },
    {
        "model": "collection.collectiontemplate",
        "pk": "aL8Dj5Z",
        "fields": {
            "name": "My Cool Story",
            "order": 0,
            "visual": "post",
            "type": "collection",
            "collection_type": "aL8Dj5Z",
            "collection_group": null
        }
    },
    {
        "model": "collection.collectiontemplate",
        "pk": "4R8WD7G",
        "fields": {
            "name": "Influence",
            "order": 0,
            "visual": "post",
            "type": "collection",
            "collection_type": "4R8WD7G",
            "collection_group": null
        }
    },
    {
        "model": "collection.collectiontemplate",
        "pk": "b18Z1dj",
        "fields": {
            "name": "Support",
            "order": 1,
            "visual": "post",
            "type": "collection",
            "collection_type": "4R8WD7G",
            "collection_group": null
        }
    },
    {
        "model": "collection.collectiontemplate",
        "pk": "Xo7r180",
        "fields": {
            "name": "Lessons",
            "order": 2,
            "visual": "post",
            "type": "collection",
            "collection_type": "4R8WD7G",
            "collection_group": null
        }
    },
    {
        "model": "collection.collectiontemplate",
        "pk": "4J5vM71",
        "fields": {
            "name": "My Interests",
            "order": 3,
            "visual": "post",
            "type": "collection",
            "collection_type": "4R8WD7G",
            "collection_group": null
        }
    },
    {
        "model": "collection.collectiontemplate",
        "pk": "EWdnJd6",
        "fields": {
            "name": "Other's aspirations for me",
            "order": 0,
            "visual": "post",
            "type": "collection",
            "collection_type": "b18Z1dj",
            "collection_group": null
        }
    },
    {
        "model": "collection.collectiontemplate",
        "pk": "NR8Vo7W",
        "fields": {
            "name": "Where I'd like to be",
            "order": 1,
            "visual": "post",
            "type": "collection",
            "collection_type": "b18Z1dj",
            "collection_group": null
        }
    },
    {
        "model": "collection.collectiontemplate",
        "pk": "BA7Nm82",
        "fields": {
            "name": "Support",
            "order": 0,
            "visual": "bubble",
            "type": "collection",
            "collection_type": "b18Z1dj",
            "collection_group": "kj7Yr50"
        }
    },
    {
        "model": "collection.collectiontemplate",
        "pk": "vV8PE76",
        "fields": {
            "name": "Influence",
            "order": 0,
            "visual": "bubble",
            "type": "collection",
            "collection_type": "b18Z1dj",
            "collection_group": "kj7Yr50"
        }
    },
    {
        "model": "collection.collectiontemplate",
        "pk": "wL7XNdZ",
        "fields": {
            "name": "Neighborhood",
            "order": 0,
            "visual": "map",
            "type": "collection",
            "collection_type": "Xo7r180",
            "collection_group": null
        }
    },
    {
        "model": "collection.collectiontemplate",
        "pk": "QG8bl5n",
        "fields": {
            "name": "Travel",
            "order": 1,
            "visual": "post",
            "type": "collection",
            "collection_type": "Xo7r180",
            "collection_group": null
        }
    },
    {
        "model": "collection.collectiontemplate",
        "pk": "vx5KA8M",
        "fields": {
            "name": "Luck or chance",
            "order": 0,
            "visual": "post",
            "type": "collection",
            "collection_type": "4J5vM71",
            "collection_group": null
        }
    },
    {
        "model": "collection.collectiontemplate",
        "pk": "xYdk97r",
        "fields": {
            "name": "Lessons, changes in you",
            "order": 1,
            "visual": "post",
            "type": "collection",
            "collection_type": "4J5vM71",
            "collection_group": null
        }
    },
    {
        "model": "collection.collectiontemplate",
        "pk": "zK5A6dq",
        "fields": {
            "name": "Support",
            "order": 2,
            "visual": "post",
            "type": "collection",
            "collection_type": "4J5vM71",
            "collection_group": null
        }
    },
    {
        "model": "collection.collectiontemplate",
        "pk": "ak5x45o",
        "fields": {
            "name": "Influence",
            "order": 3,
            "visual": "post",
            "type": "collection",
            "collection_type": "4J5vM71",
            "collection_group": null
        }
    },
    {
        "model": "collection.collectiontemplate",
        "pk": "Abd4Y8L",
        "fields": {
            "name": "Professionally",
            "order": 0,
            "visual": "post",
            "type": "collection",
            "collection_type": "EWdnJd6",
            "collection_group": null
        }
    },
    {
        "model": "collection.collectiontemplate",
        "pk": "g98lp8K",
        "fields": {
            "name": "Your family",
            "order": 1,
            "visual": "post",
            "type": "collection",
            "collection_type": "EWdnJd6",
            "collection_group": null
        }
    },
    {
        "model": "collection.collectiontemplate",
        "pk": "ab8G07v",
        "fields": {
            "name": "Energy",
            "order": 0,
            "visual": "bubble",
            "type": "item",
            "collection_type": "NR8Vo7W",
            "collection_group": null
        }
    },
    {
        "model": "collection.collectiontemplate",
        "pk": "XW8Bk7L",
        "fields": {
            "name": "Intelligence",
            "order": 0,
            "visual": "bubble",
            "type": "item",
            "collection_type": "NR8Vo7W",
            "collection_group": null
        }
    },
    {
        "model": "collection.collectiontemplate",
        "pk": "9181G5W",
        "fields": {
            "name": "Strength",
            "order": 0,
            "visual": "bubble",
            "type": "item",
            "collection_type": "NR8Vo7W",
            "collection_group": null
        }
    },
    {
        "model": "collection.collectiontemplate",
        "pk": "kj7Yr50",
        "fields": {
            "name": "People",
            "order": 3,
            "visual": "bubble",
            "type": "group",
            "collection_type": "b18Z1dj",
            "collection_group": null
        }
    }
]